{
  "format": "javascript-image-pre1",
  "arch": "os",
  "load": [
    {
      "node_modules": "npm/node_modules/meteor/meteor/node_modules",
      "path": "packages/meteor.js"
    },
    {
      "path": "packages/meteor-base.js"
    },
    {
      "path": "packages/mobile-experience.js"
    },
    {
      "node_modules": "npm/node_modules/meteor/npm-mongo/node_modules",
      "path": "packages/npm-mongo.js"
    },
    {
      "path": "packages/ecmascript-runtime.js"
    },
    {
      "node_modules": "npm/node_modules/meteor/modules-runtime/node_modules",
      "path": "packages/modules-runtime.js"
    },
    {
      "node_modules": "npm/node_modules/meteor/modules/node_modules",
      "path": "packages/modules.js"
    },
    {
      "node_modules": "npm/node_modules/meteor/ecmascript-runtime-server/node_modules",
      "path": "packages/ecmascript-runtime-server.js"
    },
    {
      "node_modules": "npm/node_modules/meteor/babel-compiler/node_modules",
      "path": "packages/babel-compiler.js"
    },
    {
      "sourceMap": "packages/ecmascript.js.map",
      "path": "packages/ecmascript.js"
    },
    {
      "path": "packages/underscore.js"
    },
    {
      "path": "packages/base64.js"
    },
    {
      "node_modules": "npm/node_modules/meteor/es5-shim/node_modules",
      "path": "packages/es5-shim.js"
    },
    {
      "node_modules": "npm/node_modules/meteor/promise/node_modules",
      "path": "packages/promise.js"
    },
    {
      "node_modules": "npm/node_modules/meteor/babel-runtime/node_modules",
      "path": "packages/babel-runtime.js"
    },
    {
      "sourceMap": "packages/ejson.js.map",
      "path": "packages/ejson.js"
    },
    {
      "path": "packages/diff-sequence.js"
    },
    {
      "path": "packages/geojson-utils.js"
    },
    {
      "path": "packages/id-map.js"
    },
    {
      "sourceMap": "packages/random.js.map",
      "path": "packages/random.js"
    },
    {
      "path": "packages/mongo-id.js"
    },
    {
      "path": "packages/ordered-dict.js"
    },
    {
      "path": "packages/tracker.js"
    },
    {
      "sourceMap": "packages/minimongo.js.map",
      "path": "packages/minimongo.js"
    },
    {
      "path": "packages/check.js"
    },
    {
      "path": "packages/retry.js"
    },
    {
      "path": "packages/callback-hook.js"
    },
    {
      "path": "packages/ddp-common.js"
    },
    {
      "node_modules": "npm/node_modules/meteor/ddp-client/node_modules",
      "sourceMap": "packages/ddp-client.js.map",
      "path": "packages/ddp-client.js"
    },
    {
      "node_modules": "npm/node_modules/meteor/logging/node_modules",
      "path": "packages/logging.js"
    },
    {
      "path": "packages/routepolicy.js"
    },
    {
      "sourceMap": "packages/boilerplate-generator.js.map",
      "path": "packages/boilerplate-generator.js"
    },
    {
      "sourceMap": "packages/webapp-hashing.js.map",
      "path": "packages/webapp-hashing.js"
    },
    {
      "node_modules": "npm/node_modules/meteor/webapp/node_modules",
      "sourceMap": "packages/webapp.js.map",
      "path": "packages/webapp.js"
    },
    {
      "path": "packages/autopublish.js"
    },
    {
      "node_modules": "npm/node_modules/meteor/ddp-server/node_modules",
      "sourceMap": "packages/ddp-server.js.map",
      "path": "packages/ddp-server.js"
    },
    {
      "path": "packages/ddp.js"
    },
    {
      "sourceMap": "packages/allow-deny.js.map",
      "path": "packages/allow-deny.js"
    },
    {
      "path": "packages/binary-heap.js"
    },
    {
      "path": "packages/insecure.js"
    },
    {
      "node_modules": "npm/node_modules/meteor/mongo/node_modules",
      "sourceMap": "packages/mongo.js.map",
      "path": "packages/mongo.js"
    },
    {
      "path": "packages/blaze-html-templates.js"
    },
    {
      "path": "packages/reactive-var.js"
    },
    {
      "path": "packages/standard-minifier-css.js"
    },
    {
      "path": "packages/standard-minifier-js.js"
    },
    {
      "sourceMap": "packages/shell-server.js.map",
      "path": "packages/shell-server.js"
    },
    {
      "path": "packages/livedata.js"
    },
    {
      "sourceMap": "packages/dynamic-import.js.map",
      "path": "packages/dynamic-import.js"
    },
    {
      "path": "packages/hot-code-push.js"
    },
    {
      "path": "packages/launch-screen.js"
    },
    {
      "path": "packages/jquery.js"
    },
    {
      "path": "packages/observe-sequence.js"
    },
    {
      "path": "packages/deps.js"
    },
    {
      "path": "packages/htmljs.js"
    },
    {
      "path": "packages/blaze.js"
    },
    {
      "path": "packages/ui.js"
    },
    {
      "path": "packages/spacebars.js"
    },
    {
      "path": "packages/templating-compiler.js"
    },
    {
      "path": "packages/templating-runtime.js"
    },
    {
      "path": "packages/templating.js"
    },
    {
      "path": "packages/autoupdate.js"
    },
    {
      "path": "packages/reload.js"
    },
    {
      "node_modules": "npm/node_modules",
      "path": "packages/global-imports.js"
    },
    {
      "node_modules": "npm/node_modules",
      "sourceMap": "app/app.js.map",
      "path": "app/app.js"
    }
  ]
}