{
  "minifier": {
    "name": "standard-minifier-js",
    "version": "2.2.3"
  },
  "totalMinifiedBytes": 524644,
  "totalMinifiedGzipBytes": 158823,
  "minifiedBytesByPackage": {
    "packages/meteor.js": 9011,
    "packages/meteor-base.js": 68,
    "packages/mobile-experience.js": 74,
    "packages/babel-compiler.js": 71,
    "packages/ecmascript.js": 64,
    "packages/underscore.js": 14436,
    "packages/base64.js": 1702,
    "packages/modules-runtime.js": 4097,
    "packages/modules.js": [
      120851,
      {
        "node_modules": {
          "meteor": {
            "modules": {
              "client.js": 124,
              "css.js": 261,
              "install-packages.js": 1472,
              "process.js": 347,
              "reify.js": 149,
              "stubs.js": 97,
              "node_modules": {
                "reify": {
                  "lib": {
                    "runtime": {
                      "index.js": 900,
                      "utils.js": 1217,
                      "entry.js": 3355
                    }
                  }
                }
              }
            }
          },
          "meteor-node-stubs": {
            "package.json": 77,
            "index.js": 280,
            "map.json": 950,
            "deps": {
              "process.js": 36,
              "domain.js": 32
            },
            "node_modules": {
              "process": {
                "browser.js": 1686
              },
              "domain-browser": {
                "package.json": 76,
                "index.js": 693
              },
              "events": {
                "package.json": 69,
                "events.js": 3568
              }
            }
          },
          "babel-runtime": {
            "package.json": 1003,
            "regenerator": {
              "index.js": 51
            },
            "helpers": {
              "typeof.js": 630,
              "toConsumableArray.js": 263,
              "possibleConstructorReturn.js": 334,
              "inherits.js": 549,
              "classCallCheck.js": 146
            },
            "core-js": {
              "symbol": {
                "iterator.js": 90
              },
              "symbol.js": 81,
              "array": {
                "from.js": 85
              },
              "object": {
                "set-prototype-of.js": 98,
                "create.js": 88
              }
            }
          },
          "regenerator-runtime": {
            "package.json": 91,
            "runtime-module.js": 344,
            "runtime.js": 6257
          },
          "core-js": {
            "modules": {
              "es6.symbol.js": 3582,
              "_global.js": 188,
              "_has.js": 84,
              "_descriptors.js": 123,
              "_fails.js": 74,
              "_export.js": 530,
              "_core.js": 80,
              "_hide.js": 167,
              "_object-dp.js": 334,
              "_an-object.js": 121,
              "_is-object.js": 94,
              "_ie8-dom-define.js": 168,
              "_dom-create.js": 147,
              "_to-primitive.js": 342,
              "_property-desc.js": 111,
              "_redefine.js": 496,
              "_uid.js": 129,
              "_ctx.js": 303,
              "_a-function.js": 113,
              "_meta.js": 608,
              "_shared.js": 124,
              "_set-to-string-tag.js": 173,
              "_wks.js": 190,
              "_wks-ext.js": 30,
              "_wks-define.js": 226,
              "_library.js": 29,
              "_enum-keys.js": 208,
              "_object-keys.js": 127,
              "_object-keys-internal.js": 261,
              "_to-iobject.js": 94,
              "_iobject.js": 143,
              "_cof.js": 86,
              "_defined.js": 105,
              "_array-includes.js": 291,
              "_to-length.js": 113,
              "_to-integer.js": 102,
              "_to-absolute-index.js": 121,
              "_shared-key.js": 107,
              "_enum-bug-keys.js": 133,
              "_object-gops.js": 47,
              "_object-pie.js": 42,
              "_is-array.js": 94,
              "_object-create.js": 577,
              "_object-dps.js": 225,
              "_html.js": 77,
              "_object-gopn-ext.js": 316,
              "_object-gopn.js": 163,
              "_object-gopd.js": 313,
              "es6.map.js": 346,
              "_collection-strong.js": 1594,
              "_redefine-all.js": 104,
              "_an-instance.js": 140,
              "_for-of.js": 520,
              "_iter-call.js": 161,
              "_is-array-iter.js": 150,
              "_iterators.js": 29,
              "core.get-iterator-method.js": 189,
              "_classof.js": 343,
              "_iter-define.js": 1015,
              "_iter-create.js": 255,
              "_object-gpo.js": 290,
              "_to-object.js": 81,
              "_iter-step.js": 66,
              "_set-species.js": 219,
              "_validate-collection.js": 151,
              "_collection.js": 1285,
              "_iter-detect.js": 303,
              "_inherit-if-required.js": 198,
              "_set-proto.js": 444,
              "es6.set.js": 280,
              "es6.string.iterator.js": 258,
              "_string-at.js": 317,
              "es6.array.is-array.js": 75,
              "es6.array.from.js": 656,
              "_create-property.js": 134,
              "es6.array.of.js": 312,
              "es6.array.join.js": 211,
              "_strict-method.js": 143,
              "es6.array.slice.js": 419,
              "es6.array.sort.js": 308,
              "es6.array.for-each.js": 189,
              "_array-methods.js": 493,
              "_array-species-create.js": 101,
              "_array-species-constructor.js": 257,
              "es6.array.map.js": 177,
              "es6.array.filter.js": 183,
              "es6.array.some.js": 179,
              "es6.array.every.js": 181,
              "es6.array.reduce.js": 199,
              "_array-reduce.js": 368,
              "es6.array.reduce-right.js": 209,
              "es6.array.index-of.js": 251,
              "es6.array.last-index-of.js": 429,
              "es6.array.copy-within.js": 128,
              "_array-copy-within.js": 367,
              "_add-to-unscopables.js": 136,
              "es6.array.fill.js": 109,
              "_array-fill.js": 279,
              "es6.array.find.js": 256,
              "es6.array.find-index.js": 264,
              "es6.array.species.js": 41,
              "es6.array.iterator.js": 425,
              "es6.function.bind.js": 71,
              "_bind.js": 476,
              "_invoke.js": 343,
              "es6.function.name.js": 215,
              "es6.function.has-instance.js": 317,
              "es6.math.acosh.js": 257,
              "_math-log1p.js": 102,
              "es6.math.asinh.js": 173,
              "es6.math.atanh.js": 146,
              "es6.math.cbrt.js": 130,
              "_math-sign.js": 86,
              "es6.math.clz32.js": 129,
              "es6.math.cosh.js": 104,
              "es6.math.expm1.js": 98,
              "_math-expm1.js": 191,
              "es6.math.fround.js": 76,
              "_math-fround.js": 273,
              "es6.math.hypot.js": 230,
              "es6.math.imul.js": 252,
              "es6.math.log10.js": 101,
              "es6.math.log1p.js": 74,
              "es6.math.log2.js": 97,
              "es6.math.sign.js": 72,
              "es6.math.sinh.js": 232,
              "es6.math.tanh.js": 168,
              "es6.math.trunc.js": 106,
              "es6.object.create.js": 80,
              "es6.object.define-property.js": 111,
              "es6.object.define-properties.js": 112,
              "es6.object.get-own-property-descriptor.js": 161,
              "_object-sap.js": 185,
              "es6.object.get-prototype-of.js": 143,
              "es6.object.keys.js": 134,
              "es6.object.get-own-property-names.js": 99,
              "es6.object.freeze.js": 149,
              "es6.object.seal.js": 147,
              "es6.object.prevent-extensions.js": 160,
              "es6.object.is-frozen.js": 125,
              "es6.object.is-sealed.js": 125,
              "es6.object.is-extensible.js": 131,
              "es6.object.assign.js": 84,
              "_object-assign.js": 538,
              "es6.object.is.js": 73,
              "_same-value.js": 94,
              "es6.object.set-prototype-of.js": 88,
              "es6.object.to-string.js": 198,
              "es6.regexp.constructor.js": 753,
              "_is-regexp.js": 158,
              "_flags.js": 206,
              "es6.regexp.to-string.js": 439,
              "es6.regexp.flags.js": 132,
              "es6.regexp.match.js": 193,
              "_fix-re-wks.js": 379,
              "es6.regexp.replace.js": 193,
              "es6.regexp.search.js": 194,
              "es6.regexp.split.js": 1288,
              "es6.string.from-code-point.js": 385,
              "es6.string.raw.js": 252,
              "es6.string.trim.js": 104,
              "_string-trim.js": 390,
              "_string-ws.js": 108,
              "es6.string.code-point-at.js": 132,
              "es6.string.ends-with.js": 357,
              "_string-context.js": 167,
              "_fails-is-regexp.js": 153,
              "es6.string.includes.js": 228,
              "es6.string.repeat.js": 80,
              "_string-repeat.js": 237,
              "es6.string.starts-with.js": 339,
              "es6.string.anchor.js": 118,
              "_string-html.js": 357,
              "es6.string.big.js": 113,
              "es6.string.blink.js": 117,
              "es6.string.bold.js": 112,
              "es6.string.fixed.js": 114,
              "es6.string.fontcolor.js": 125,
              "es6.string.fontsize.js": 123,
              "es6.string.italics.js": 115,
              "es6.string.link.js": 116,
              "es6.string.small.js": 117,
              "es6.string.strike.js": 119,
              "es6.string.sub.js": 113,
              "es6.string.sup.js": 113,
              "es6.weak-map.js": 886,
              "_collection-weak.js": 1097,
              "web.dom.iterable.js": 886,
              "es6.weak-set.js": 265,
              "es7.array.includes.js": 211,
              "es7.array.flat-map.js": 330,
              "_flatten-into-array.js": 409,
              "es7.array.flatten.js": 336,
              "es7.object.get-own-property-descriptors.js": 279,
              "_own-keys.js": 196,
              "es7.object.values.js": 115,
              "_object-to-array.js": 231,
              "es7.object.entries.js": 116,
              "es7.object.define-getter.js": 262,
              "_object-forced-pam.js": 172,
              "es7.object.define-setter.js": 262,
              "es7.object.lookup-getter.js": 299,
              "es7.object.lookup-setter.js": 299,
              "es6.number.epsilon.js": 75,
              "es6.number.is-finite.js": 132,
              "es6.number.is-integer.js": 80,
              "_is-integer.js": 113,
              "es6.number.is-nan.js": 84,
              "es6.number.is-safe-integer.js": 148,
              "es6.number.max-safe-integer.js": 85,
              "es6.number.min-safe-integer.js": 86,
              "es6.number.parse-float.js": 113,
              "_parse-float.js": 200,
              "es6.number.parse-int.js": 107,
              "_parse-int.js": 228,
              "es6.typed.uint8-array.js": 103,
              "_typed-array.js": 6976,
              "_typed.js": 382,
              "_typed-buffer.js": 3650,
              "_to-index.js": 177,
              "_species-constructor.js": 182,
              "es6.typed.uint32-array.js": 104
            },
            "es6": {
              "array.js": 793,
              "function.js": 167,
              "math.js": 574,
              "object.js": 757,
              "regexp.js": 299,
              "string.js": 951,
              "weak-map.js": 157,
              "weak-set.js": 155
            },
            "es7": {
              "array.js": 158,
              "object.js": 344
            },
            "library": {
              "fn": {
                "symbol": {
                  "iterator.js": 143,
                  "index.js": 214
                },
                "array": {
                  "from.js": 135
                },
                "object": {
                  "set-prototype-of.js": 120,
                  "create.js": 139
                }
              },
              "modules": {
                "es6.string.iterator.js": 258,
                "_string-at.js": 317,
                "_to-integer.js": 102,
                "_defined.js": 105,
                "_iter-define.js": 1015,
                "_library.js": 29,
                "_export.js": 784,
                "_global.js": 188,
                "_core.js": 80,
                "_ctx.js": 303,
                "_a-function.js": 113,
                "_hide.js": 167,
                "_object-dp.js": 334,
                "_an-object.js": 121,
                "_is-object.js": 94,
                "_ie8-dom-define.js": 168,
                "_descriptors.js": 123,
                "_fails.js": 74,
                "_dom-create.js": 147,
                "_to-primitive.js": 342,
                "_property-desc.js": 111,
                "_redefine.js": 39,
                "_has.js": 84,
                "_iterators.js": 29,
                "_iter-create.js": 255,
                "_object-create.js": 577,
                "_object-dps.js": 225,
                "_object-keys.js": 127,
                "_object-keys-internal.js": 261,
                "_to-iobject.js": 94,
                "_iobject.js": 143,
                "_cof.js": 86,
                "_array-includes.js": 291,
                "_to-length.js": 113,
                "_to-absolute-index.js": 121,
                "_shared-key.js": 107,
                "_shared.js": 124,
                "_uid.js": 129,
                "_enum-bug-keys.js": 133,
                "_html.js": 77,
                "_set-to-string-tag.js": 173,
                "_wks.js": 190,
                "_object-gpo.js": 290,
                "_to-object.js": 81,
                "web.dom.iterable.js": 668,
                "es6.array.iterator.js": 425,
                "_add-to-unscopables.js": 39,
                "_iter-step.js": 66,
                "_wks-ext.js": 30,
                "es6.symbol.js": 3582,
                "_meta.js": 608,
                "_wks-define.js": 226,
                "_enum-keys.js": 208,
                "_object-gops.js": 47,
                "_object-pie.js": 42,
                "_is-array.js": 94,
                "_object-gopn-ext.js": 316,
                "_object-gopn.js": 163,
                "_object-gopd.js": 313,
                "es6.object.to-string.js": 12,
                "es7.symbol.async-iterator.js": 48,
                "es7.symbol.observable.js": 45,
                "es6.array.from.js": 656,
                "_iter-call.js": 161,
                "_is-array-iter.js": 150,
                "_create-property.js": 134,
                "core.get-iterator-method.js": 189,
                "_classof.js": 343,
                "_iter-detect.js": 303,
                "es6.object.set-prototype-of.js": 88,
                "_set-proto.js": 444,
                "es6.object.create.js": 80
              }
            }
          }
        }
      }
    ],
    "packages/ecmascript-runtime.js": 75,
    "packages/es5-shim.js": [
      28354,
      {
        "node_modules": {
          "meteor": {
            "es5-shim": {
              "client.js": 132,
              "console.js": 289,
              "export_globals.js": 152,
              "import_globals.js": 75,
              "node_modules": {
                "es5-shim": {
                  "es5-shim.js": 22416,
                  "es5-sham.js": 4844
                }
              }
            }
          }
        }
      }
    ],
    "packages/promise.js": [
      4848,
      {
        "node_modules": {
          "meteor": {
            "promise": {
              "client.js": 85,
              "common.js": 286,
              "node_modules": {
                "meteor-promise": {
                  "package.json": 113,
                  "promise_client.js": 266
                },
                "promise": {
                  "lib": {
                    "es6-extensions.js": 1222,
                    "core.js": 1864
                  }
                },
                "asap": {
                  "raw.js": 477
                }
              }
            }
          }
        }
      }
    ],
    "packages/babel-runtime.js": [
      1791,
      {
        "node_modules": {
          "meteor": {
            "babel-runtime": {
              "babel-runtime.js": 801,
              "node_modules": {
                "meteor-babel-helpers": {
                  "package.json": 80,
                  "index.js": 389
                }
              }
            }
          }
        }
      }
    ],
    "packages/ecmascript-runtime-client.js": [
      1678,
      {
        "node_modules": {
          "meteor": {
            "ecmascript-runtime-client": {
              "runtime.js": 1197
            }
          }
        }
      }
    ],
    "packages/ejson.js": [
      7706,
      {
        "node_modules": {
          "meteor": {
            "ejson": {
              "ejson.js": 6058,
              "stringify.js": 1033
            }
          }
        }
      }
    ],
    "packages/diff-sequence.js": 2401,
    "packages/geojson-utils.js": [
      5256,
      {
        "node_modules": {
          "meteor": {
            "geojson-utils": {
              "main.js": 48,
              "geojson-utils.js": 4783
            }
          }
        }
      }
    ],
    "packages/id-map.js": 1245,
    "packages/random.js": [
      4059,
      {
        "node_modules": {
          "meteor": {
            "random": {
              "random.js": 3195,
              "deprecated.js": 196
            }
          }
        }
      }
    ],
    "packages/mongo-id.js": 1765,
    "packages/ordered-dict.js": 3045,
    "packages/tracker.js": 4896,
    "packages/minimongo.js": [
      50348,
      {
        "node_modules": {
          "meteor": {
            "minimongo": {
              "minimongo_client.js": 52,
              "common.js": 13440,
              "cursor.js": 5476,
              "local_collection.js": 21618,
              "matcher.js": 3150,
              "minimongo_common.js": 276,
              "observe_handle.js": 225,
              "sorter.js": 5059
            }
          }
        }
      }
    ],
    "packages/check.js": [
      5703,
      {
        "node_modules": {
          "meteor": {
            "check": {
              "match.js": 4980,
              "isPlainObject.js": 279
            }
          }
        }
      }
    ],
    "packages/retry.js": 922,
    "packages/callback-hook.js": 1337,
    "packages/ddp-common.js": 4103,
    "packages/reload.js": 1984,
    "packages/ddp-client.js": [
      59235,
      {
        "node_modules": {
          "meteor": {
            "ddp-client": {
              "sockjs-0.3.4.js": 30249,
              "stream_client_sockjs.js": 2765,
              "stream_client_common.js": 3151,
              "livedata_common.js": 331,
              "random_stream.js": 181,
              "livedata_connection.js": 19609,
              "client_convenience.js": 885,
              "namespace.js": 101,
              "id_map.js": 414
            }
          }
        }
      }
    ],
    "packages/ddp.js": 163,
    "packages/ddp-server.js": 67,
    "packages/allow-deny.js": [
      6172,
      {
        "node_modules": {
          "meteor": {
            "allow-deny": {
              "allow-deny.js": 5406
            }
          }
        }
      }
    ],
    "packages/insecure.js": 62,
    "packages/mongo.js": [
      9316,
      {
        "node_modules": {
          "meteor": {
            "mongo": {
              "local_collection_driver.js": 327,
              "collection.js": 7953
            }
          }
        }
      }
    ],
    "packages/blaze-html-templates.js": 77,
    "packages/reactive-var.js": 906,
    "packages/standard-minifier-css.js": 78,
    "packages/standard-minifier-js.js": 77,
    "packages/shell-server.js": 69,
    "packages/autopublish.js": 65,
    "packages/webapp.js": [
      955,
      {
        "node_modules": {
          "meteor": {
            "webapp": {
              "webapp_client.js": 334
            }
          }
        }
      }
    ],
    "packages/livedata.js": 190,
    "packages/dynamic-import.js": [
      4003,
      {
        "node_modules": {
          "meteor": {
            "dynamic-import": {
              "client.js": 1393,
              "cache.js": 1956,
              "dynamic-versions.js": 181
            }
          }
        }
      }
    ],
    "packages/hot-code-push.js": 70,
    "packages/jquery.js": [
      96877,
      {
        "node_modules": {
          "meteor": {
            "jquery": {
              "main.js": 134,
              "jquery.js": 96346
            }
          }
        }
      }
    ],
    "packages/observe-sequence.js": 3012,
    "packages/deps.js": 196,
    "packages/htmljs.js": 10119,
    "packages/blaze.js": 38800,
    "packages/spacebars.js": 3016,
    "packages/templating-compiler.js": 76,
    "packages/templating-runtime.js": 3133,
    "packages/templating.js": 188,
    "packages/launch-screen.js": 875,
    "packages/ui.js": 222,
    "packages/autoupdate.js": 1998,
    "packages/global-imports.js": 892,
    "app/app.js": [
      1729,
      {
        "client": {
          "main.html": 72,
          "template.main.js": 1038,
          "main.js": 428
        }
      }
    ]
  }
}
